,year,avg_compound
0,2010,0.1042640404040405
1,2008,0.07085138282387168
2,2016,0.05740537634408591
3,2015,0.05020715883668899
4,2017,0.047618990794408525
5,2013,0.046778202115158686
6,2019,0.034848573027420136
7,2011,0.03444324324324316
8,2012,0.017931822971549015
9,2018,0.013108818126148145
10,2014,0.008979331683168315
